{
  "project_info": {
    "project_number": "643897121011",
    "project_id": "soundify-9e177",
    "storage_bucket": "soundify-9e177.firebasestorage.app"
  },
  "client": [
    {
      "client_info": {
        "mobilesdk_app_id": "1:643897121011:android:f2471a38e68c83aefd3f86",
        "android_client_info": {
          "package_name": "com.example.soundify"
        }
      },
      "oauth_client": [],
      "api_key": [
        {
          "current_key": "AIzaSyC737eBKj7RmRZzxrCOTm2PAL6DIZcu40E"
        }
      ],
      "services": {
        "appinvite_service": {
          "other_platform_oauth_client": []
        }
      }
    }
  ],
  "configuration_version": "1"
}